Institution,Date Checked,Notes
 CARTI Central Arkansas Radiation Therapy Institute,,
Advanced Medical Physics Inc,,
AdventHealth Orlando,,
Allegheny Health Network,,
Astarita Associates Inc,,
Atrium Health Wake Forest Baptist,,
Augusta University,,
BC Cancer,,
Banner MD Anderson Cancer Center,,
Baylor College of Medicine,,
Baylor Scott White,,
Beaumont University Hospital Corewell Health,,
Boston Childrens Hospital and Harvard Medical School ,,
Cancer Centre of Southeastern Ontario,,
CancerCare Manitoba,,
Cedars Sinai Medical Center,,
City of Hope Comprehensive Cancer Center,,
Cleveland Clinic,,
Colorado Associates in Medical Physics CAMP ,,
Corewell Health William Beaumont Hospital,,
Corwin Health Physics Inc,,
Covenant Health Therapy,,
Cross Cancer Institute University of Alberta,,
Dartmouth Hitchcock Medical Center,,
Duke University Medical Center,,
Emory University ,,
Emory University School of Medicine,,
Fox Chase Cancer Center,,
Geisinger Health System,,
Genesis Healthcare Partners and Affiliate,,
Hackensack University Medical Center,,
Halifax Radiation Oncology Physics Residency Program ,,
Harvard Medical Physics Residency Program,,
Henry Ford Health Henry Ford Hospital,,
Henry Ford Health System,,
Houston Methodist Hospital,,
INOVA Health System,,
Indiana University,,
Indiana University School of Medicine,,
Ireland Radiation Oncology Physics,,
Juravinski Cancer Center,,
Karmanos Cancer Center Gershenson Radiation Oncology Center,,
Keck School of Medicine of USC,,
Loma Linda University Medical Center,,
London Regional Cancer Program,,
Loyola University Medical Center,,
Lykes Radiation Pavilion Baycare Morton Plant Hospital,,
MD Anderson at Cooper,,
Mary Bird Perkins Cancer Center,,
Mayo Clinic AZ ,,
Mayo Clinic Arizona,,
Mayo Clinic FL ,,
Mayo Clinic MN ,,
MedStar Georgetown University Hospital,,
Medical College of Wisconsin,,
Medical Physics Consultants Inc,,
Medical Radiation Physics Inc,,
Medical University of South Carolina,,
Memorial Sloan Kettering,,
Miami Cancer Institute,,
Michigan Healthcare Professionals Radiation Oncology Institute,,
Moffitt Cancer Center,,
Montefiore Medical Center,,
Mt Sinai Health System,,
Naval Medical Center Portsmouth,,
New York Presbyterian Columbia University and Cornell University ,,
New York University Langone Medical Center,,
Northern Ontario School of Medicine University,,
Northwell Health,,
Northwest Medical Physics Center,,
Northwestern University Memorial Hospital,,
Novant Health Cancer Institute,,
Ochsner Health,,
One Physics Missouri Oklahoma,,
One Physics Texas ,,
One Physics West Ohio,,
Oregon Health Science University,,
Orlando Health Cancer Institute,,
PMIO,,
Petrone Associates,,
Piedmont HealthCare,,
Provision Healthcare and Erlanger Healthcare,,
Rhode Island Hospital,,
Rush University Medical Center,,
Rutgers Cancer Inst of NJ,,
SUNY Upstate Medical University,,
Southern California Permanente Medical Group,,
St Lukes University Health Network,,
Stony Brook University Medical Center,,
Stony Brook University Medical Center ,,
Texas Oncology,,
The Ohio State University,,
The Ottawa Hospital Cancer Center,,
The University of Tennessee Medical Center,,
Thomas Jefferson University Hospital Bodine Center for Cancer Treatment,,
UPMC Hillman Cancer Center University of Pittsburgh School of Medicine,,
US Oncology,,
University Hospitals Case Western Reserve University,,
University Hospitals Cleveland Medical Center,,
University of Alabama at Birmingham,,
University of Arizona,,
University of Arkansas,,
University of California Davis Cancer Center,,
University of California Irvine Medical Ctr,,
University of California Los Angeles,,
University of California San Diego,,
University of California at San Francisco,,
University of Chicago Medical Center,,
University of Cincinnati,,
University of Colorado,,
University of Colorado Denver,,
University of Florida College of Medicine,,
University of Florida Health Proton Therapy Institute,,
University of Iowa,,
University of Kansas Cancer Center,,
University of Kentucky College of Medicine,,
University of Kentucky Medical Center,,
University of Louisville School of Medicine,,
University of Maryland,,
University of Michigan,,
University of Minnesota Medical School,,
University of Nebraska Medical Center,,
University of North Carolina at Chapel Hill,,
University of Oklahoma Health Science Center,,
University of Pittsburgh,,
University of Texas HSC at San Antonio,,
University of Texas M D Anderson Cancer Center,,
University of Texas MD Anderson Cancer Center,,
University of Texas McGovern Medical School,,
University of Texas Southwestern Medical Center,,
University of Utah,,
University of Virginia,,
University of Washington,,
Upstate Medical Physics,,
Vanderbilt University Medical Center,,
Varian AOS Medical Physics Residency,,
Vassar Brothers Medical Center,,
Washington University School of Medicine,,
Waterloo Regional Health Network,,
Weill Cornell Medicine,,
West Physics,,
World Wide Medical Physics ,,
Yale New Haven Hospital Yale Medical School,,
Yale School of Medicine Yale New Haven Hospital,,
